"","X.1","X","school","sex","age","address","famsize","Pstatus","Medu","Fedu","Mjob","Fjob","reason","guardian","traveltime","studytime","schoolsup","famsup","activities","nursery","higher","internet","romantic","famrel","freetime","goout","Dalc","Walc","health","failures","paid","absences","G1","G2","G3","alc_use","high_use","FALSE."
"1",1,1,"GP","F",18,"U","GT3","A",4,4,"at_home","teacher","course","mother",2,2,"yes","no","no","yes","yes","no","no",4,3,4,1,1,3,0,"no",5,2,8,8,1,FALSE,FALSE
"2",2,2,"GP","F",17,"U","GT3","T",1,1,"at_home","other","course","father",1,2,"no","yes","no","no","yes","yes","no",5,3,3,1,1,3,0,"no",3,7,8,8,1,FALSE,FALSE
"3",3,3,"GP","F",15,"U","LE3","T",1,1,"at_home","other","other","mother",1,2,"yes","no","no","yes","yes","yes","no",4,3,2,2,3,3,2,"yes",8,10,10,11,2.5,TRUE,FALSE
"4",4,4,"GP","F",15,"U","GT3","T",4,2,"health","services","home","mother",1,3,"no","yes","yes","yes","yes","yes","yes",3,2,2,1,1,5,0,"yes",1,14,14,14,1,FALSE,FALSE
"5",5,5,"GP","F",16,"U","GT3","T",3,3,"other","other","home","father",1,2,"no","yes","no","yes","yes","no","no",4,3,2,1,2,5,0,"yes",2,8,12,12,1.5,FALSE,FALSE
"6",6,6,"GP","M",16,"U","LE3","T",4,3,"services","other","reputation","mother",1,2,"no","yes","yes","yes","yes","yes","no",5,4,2,1,2,5,0,"yes",8,14,14,14,1.5,FALSE,FALSE
"7",7,7,"GP","M",16,"U","LE3","T",2,2,"other","other","home","mother",1,2,"no","no","no","yes","yes","yes","no",4,4,4,1,1,3,0,"no",0,12,12,12,1,FALSE,FALSE
"8",8,8,"GP","F",17,"U","GT3","A",4,4,"other","teacher","home","mother",2,2,"yes","yes","no","yes","yes","no","no",4,1,4,1,1,1,0,"no",4,8,9,10,1,FALSE,FALSE
"9",9,9,"GP","M",15,"U","LE3","A",3,2,"services","other","home","mother",1,2,"no","yes","no","yes","yes","yes","no",4,2,2,1,1,1,0,"yes",0,16,17,18,1,FALSE,FALSE
"10",10,10,"GP","M",15,"U","GT3","T",3,4,"other","other","home","mother",1,2,"no","yes","yes","yes","yes","yes","no",5,5,1,1,1,5,0,"yes",0,13,14,14,1,FALSE,FALSE
"11",11,11,"GP","F",15,"U","GT3","T",4,4,"teacher","health","reputation","mother",1,2,"no","yes","no","yes","yes","yes","no",3,3,3,1,2,2,0,"yes",1,12,11,12,1.5,FALSE,FALSE
"12",12,12,"GP","F",15,"U","GT3","T",2,1,"services","other","reputation","father",3,3,"no","yes","yes","yes","yes","yes","no",5,2,2,1,1,4,0,"no",2,10,12,12,1,FALSE,FALSE
"13",13,13,"GP","M",15,"U","LE3","T",4,4,"health","services","course","father",1,1,"no","yes","yes","yes","yes","yes","no",4,3,3,1,3,5,0,"yes",1,13,14,13,2,FALSE,FALSE
"14",14,14,"GP","M",15,"U","GT3","T",4,3,"teacher","other","course","mother",2,2,"no","yes","no","yes","yes","yes","no",5,4,3,1,2,3,0,"yes",1,11,11,12,1.5,FALSE,FALSE
"15",15,15,"GP","M",15,"U","GT3","A",2,2,"other","other","home","other",1,3,"no","yes","no","yes","yes","yes","yes",4,5,2,1,1,3,0,"no",0,14,15,16,1,FALSE,FALSE
"16",16,16,"GP","F",16,"U","GT3","T",4,4,"health","other","home","mother",1,1,"no","yes","no","yes","yes","yes","no",4,4,4,1,2,2,0,"no",5,16,16,16,1.5,FALSE,FALSE
"17",17,17,"GP","F",16,"U","GT3","T",4,4,"services","services","reputation","mother",1,3,"no","yes","yes","yes","yes","yes","no",3,2,3,1,2,2,0,"yes",8,13,14,14,1.5,FALSE,FALSE
"18",18,18,"GP","F",16,"U","GT3","T",3,3,"other","other","reputation","mother",3,2,"yes","yes","yes","yes","yes","no","no",5,3,2,1,1,4,0,"no",3,10,12,12,1,FALSE,FALSE
"19",19,19,"GP","M",17,"U","GT3","T",3,2,"services","services","course","mother",1,1,"no","yes","yes","yes","yes","yes","no",5,5,5,2,4,5,3,"no",9,7,6,6,3,TRUE,FALSE
"20",20,20,"GP","M",16,"U","LE3","T",4,3,"health","other","home","father",1,1,"no","no","yes","yes","yes","yes","no",3,1,3,1,3,5,0,"yes",5,10,11,11,2,FALSE,FALSE
"21",21,21,"GP","M",15,"U","GT3","T",4,3,"teacher","other","reputation","mother",1,2,"no","no","no","yes","yes","yes","no",4,4,1,1,1,1,0,"no",0,12,14,14,1,FALSE,FALSE
"22",22,22,"GP","M",15,"U","GT3","T",4,4,"health","health","other","father",1,1,"no","yes","no","yes","yes","yes","no",5,4,2,1,1,5,0,"yes",0,12,14,14,1,FALSE,FALSE
"23",23,23,"GP","M",16,"U","LE3","T",4,2,"teacher","other","course","mother",1,2,"no","no","yes","yes","yes","yes","no",4,5,1,1,3,5,0,"no",1,14,14,15,2,FALSE,FALSE
"24",24,24,"GP","M",16,"U","LE3","T",2,2,"other","other","reputation","mother",2,2,"no","yes","yes","yes","yes","yes","no",5,4,4,2,4,5,0,"no",1,12,12,11,3,TRUE,FALSE
"25",25,25,"GP","F",15,"R","GT3","T",2,4,"services","health","course","mother",1,3,"yes","yes","yes","yes","yes","yes","no",4,3,2,1,1,5,0,"yes",2,10,10,9,1,FALSE,FALSE
"26",26,26,"GP","F",16,"U","GT3","T",2,2,"services","services","home","mother",1,1,"no","yes","no","no","yes","yes","no",1,2,2,1,3,5,1,"yes",10,8,10,10,2,FALSE,FALSE
"27",27,27,"GP","M",15,"U","GT3","T",2,2,"other","other","home","mother",1,1,"no","yes","no","yes","yes","yes","no",4,2,2,1,2,5,0,"yes",5,12,12,12,1.5,FALSE,FALSE
"28",28,28,"GP","M",15,"U","GT3","T",4,2,"health","services","other","mother",1,1,"no","no","no","yes","yes","yes","no",2,2,4,2,4,1,0,"yes",2,13,14,13,3,TRUE,FALSE
"29",29,29,"GP","M",16,"U","LE3","A",3,4,"services","other","home","mother",1,2,"yes","yes","yes","yes","yes","yes","no",5,3,3,1,1,5,0,"no",3,12,12,12,1,FALSE,FALSE
"30",30,30,"GP","M",16,"U","GT3","T",4,4,"teacher","teacher","home","mother",1,2,"no","yes","yes","yes","yes","yes","yes",4,4,5,5,5,5,0,"yes",10,11,12,12,5,TRUE,FALSE
"31",31,31,"GP","M",15,"U","GT3","T",4,4,"health","services","home","mother",1,2,"no","yes","no","no","yes","yes","no",5,4,2,3,4,5,0,"yes",0,10,11,12,3.5,TRUE,FALSE
"32",32,32,"GP","M",15,"U","GT3","T",4,4,"services","services","reputation","mother",2,2,"no","yes","yes","yes","yes","yes","no",4,3,1,1,1,5,0,"no",1,16,16,16,1,FALSE,FALSE
"33",33,33,"GP","M",15,"R","GT3","T",4,3,"teacher","at_home","course","mother",1,2,"no","yes","yes","yes","yes","yes","yes",4,5,2,1,1,5,0,"no",0,15,15,16,1,FALSE,FALSE
"34",34,34,"GP","M",15,"U","LE3","T",3,3,"other","other","course","mother",1,2,"no","no","yes","no","yes","yes","no",5,3,2,1,1,2,0,"no",0,10,11,12,1,FALSE,FALSE
"35",35,35,"GP","M",16,"U","GT3","T",3,2,"other","other","home","mother",1,1,"no","yes","no","no","yes","yes","no",5,4,3,1,1,5,0,"yes",2,12,13,14,1,FALSE,FALSE
"36",36,36,"GP","F",15,"U","GT3","T",2,3,"other","other","other","father",2,1,"no","yes","yes","yes","yes","no","no",3,5,1,1,1,5,0,"no",2,10,9,8,1,FALSE,FALSE
"37",37,37,"GP","M",15,"U","LE3","T",4,3,"teacher","services","home","mother",1,3,"no","yes","yes","yes","yes","yes","no",5,4,3,1,1,4,0,"no",1,14,15,16,1,FALSE,FALSE
"38",38,38,"GP","M",16,"R","GT3","A",4,4,"other","teacher","reputation","mother",2,3,"no","yes","yes","yes","yes","yes","yes",2,4,3,1,1,5,0,"no",6,14,14,14,1,FALSE,FALSE
"39",39,39,"GP","F",15,"R","GT3","T",3,4,"services","health","course","mother",1,3,"yes","yes","yes","yes","yes","yes","no",4,3,2,1,1,5,0,"yes",2,12,12,12,1,FALSE,FALSE
"40",40,40,"GP","F",15,"R","GT3","T",2,2,"at_home","other","reputation","mother",1,1,"yes","yes","yes","yes","yes","no","no",4,3,1,1,1,2,0,"yes",8,14,13,12,1,FALSE,FALSE
"41",41,41,"GP","F",16,"U","LE3","T",2,2,"other","other","home","mother",2,2,"no","yes","yes","no","yes","yes","yes",3,3,3,1,2,3,0,"no",20,9,10,10,1.5,FALSE,FALSE
"42",42,42,"GP","M",15,"U","LE3","T",4,4,"teacher","other","home","other",1,1,"no","yes","no","no","yes","yes","yes",5,4,3,2,4,5,0,"no",8,11,12,12,3,TRUE,FALSE
"43",43,43,"GP","M",15,"U","GT3","T",4,4,"services","teacher","course","father",1,2,"no","yes","yes","yes","yes","yes","no",4,3,3,1,1,5,0,"no",1,16,16,16,1,FALSE,FALSE
"44",44,44,"GP","M",15,"U","GT3","T",2,2,"services","services","course","father",1,1,"yes","yes","no","yes","yes","yes","no",5,4,1,1,1,1,0,"no",0,8,9,10,1,FALSE,FALSE
"45",45,45,"GP","F",16,"U","LE3","T",2,2,"other","at_home","course","father",2,2,"yes","no","yes","yes","yes","yes","no",4,3,3,2,2,5,1,"no",14,10,10,10,2,FALSE,FALSE
"46",46,46,"GP","F",15,"U","LE3","A",4,3,"other","other","course","mother",1,2,"yes","yes","yes","yes","yes","yes","yes",5,2,2,1,1,5,0,"yes",6,9,10,8,1,FALSE,FALSE
"47",47,47,"GP","F",16,"U","LE3","A",3,3,"other","services","home","mother",1,2,"no","yes","no","yes","yes","yes","no",2,3,5,1,4,3,0,"no",9,12,12,12,2.5,TRUE,FALSE
"48",48,48,"GP","M",16,"U","GT3","T",4,3,"health","services","reputation","mother",1,4,"no","no","yes","yes","yes","yes","no",4,2,2,1,1,2,0,"no",3,18,18,18,1,FALSE,FALSE
"49",49,49,"GP","M",15,"U","GT3","T",4,2,"teacher","other","home","mother",1,2,"no","yes","no","yes","yes","no","no",4,3,3,2,2,5,0,"yes",3,13,14,14,2,FALSE,FALSE
"50",50,50,"GP","F",15,"U","GT3","T",4,4,"services","teacher","other","father",1,2,"yes","yes","yes","no","yes","yes","no",4,4,4,1,1,3,0,"no",2,10,10,10,1,FALSE,FALSE
"51",51,51,"GP","F",16,"U","LE3","T",2,2,"services","services","course","mother",3,2,"no","yes","no","yes","yes","yes","no",4,3,3,2,3,4,0,"yes",1,13,13,13,2.5,TRUE,FALSE
"52",52,52,"GP","F",15,"U","LE3","T",4,2,"health","other","other","mother",1,2,"no","yes","no","yes","yes","yes","no",4,3,3,1,1,5,0,"yes",1,14,14,14,1,FALSE,FALSE
"53",53,53,"GP","M",15,"U","LE3","A",4,2,"health","health","other","father",2,1,"no","no","no","yes","yes","no","no",5,5,5,3,4,5,0,"no",5,10,10,10,3.5,TRUE,FALSE
"54",54,54,"GP","F",15,"U","GT3","T",4,4,"services","services","course","mother",1,1,"yes","yes","no","yes","yes","yes","no",3,3,4,2,3,5,0,"yes",0,10,11,12,2.5,TRUE,FALSE
"55",55,55,"GP","F",15,"U","LE3","A",3,3,"other","other","other","mother",1,1,"no","no","no","yes","yes","yes","no",5,3,4,4,4,1,0,"yes",3,12,12,13,4,TRUE,FALSE
"56",56,56,"GP","F",16,"U","GT3","A",2,1,"other","other","other","mother",1,2,"no","no","yes","yes","yes","yes","yes",5,3,4,1,1,2,0,"yes",5,10,11,11,1,FALSE,FALSE
"57",57,57,"GP","F",15,"U","GT3","A",4,3,"services","services","reputation","mother",1,2,"no","yes","yes","yes","yes","yes","no",4,3,2,1,1,1,0,"yes",0,14,14,15,1,FALSE,FALSE
"58",58,58,"GP","M",15,"U","GT3","T",4,4,"teacher","health","reputation","mother",1,2,"no","yes","yes","yes","yes","no","no",3,2,2,1,1,5,0,"no",6,14,15,16,1,FALSE,FALSE
"59",59,59,"GP","M",15,"U","LE3","T",1,2,"other","at_home","home","father",1,2,"yes","yes","yes","yes","yes","yes","no",4,3,2,1,1,5,0,"no",1,12,12,12,1,FALSE,FALSE
"60",60,60,"GP","F",16,"U","GT3","T",4,2,"services","other","course","mother",1,2,"no","yes","no","yes","yes","yes","no",4,2,3,1,1,5,0,"no",2,16,16,16,1,FALSE,FALSE
"61",61,61,"GP","F",16,"R","GT3","T",4,4,"health","teacher","other","mother",1,2,"no","yes","yes","yes","yes","no","no",2,4,4,2,3,4,0,"no",3,14,14,14,2.5,TRUE,FALSE
"62",62,62,"GP","F",16,"U","GT3","T",1,1,"services","services","course","father",4,1,"yes","yes","yes","no","yes","yes","yes",5,5,5,5,5,5,0,"no",3,10,9,14,5,TRUE,FALSE
"63",63,63,"GP","F",16,"U","LE3","T",1,2,"other","services","reputation","father",1,2,"yes","no","yes","yes","yes","yes","no",4,4,3,1,1,1,0,"no",2,10,12,10,1,FALSE,FALSE
"64",64,64,"GP","F",16,"U","GT3","T",4,3,"teacher","health","home","mother",1,3,"yes","yes","yes","yes","yes","yes","no",3,4,4,2,4,4,0,"yes",1,12,11,11,3,TRUE,FALSE
"65",65,65,"GP","F",15,"U","LE3","T",4,3,"services","services","reputation","father",1,2,"yes","no","yes","yes","yes","yes","yes",4,4,4,2,4,2,0,"no",0,12,11,11,3,TRUE,FALSE
"66",66,66,"GP","F",16,"U","LE3","T",4,3,"teacher","services","course","mother",3,2,"no","yes","yes","yes","yes","yes","no",5,4,3,1,2,1,0,"no",2,16,15,16,1.5,FALSE,FALSE
"67",67,67,"GP","M",15,"U","GT3","A",4,4,"other","services","reputation","mother",1,4,"no","yes","yes","no","yes","yes","yes",1,3,3,5,5,3,0,"no",2,12,12,12,5,TRUE,FALSE
"68",68,68,"GP","F",16,"U","GT3","T",3,1,"services","other","course","mother",1,4,"yes","yes","no","yes","yes","yes","no",4,3,3,1,2,5,0,"yes",2,8,8,8,1.5,FALSE,FALSE
"69",69,69,"GP","F",15,"R","LE3","T",2,2,"health","services","reputation","mother",2,2,"yes","yes","no","yes","yes","yes","no",4,1,3,1,3,4,0,"yes",1,10,10,10,2,FALSE,FALSE
"70",70,70,"GP","F",15,"R","LE3","T",3,1,"other","other","reputation","father",2,4,"no","yes","no","no","yes","yes","no",4,4,2,2,3,3,0,"no",9,16,16,16,2.5,TRUE,FALSE
"71",71,71,"GP","M",16,"U","GT3","T",3,1,"other","other","reputation","father",2,4,"no","yes","no","yes","yes","yes","no",4,3,2,1,1,5,0,"yes",1,13,13,13,1,FALSE,FALSE
"72",72,72,"GP","M",15,"U","GT3","T",4,2,"other","other","course","mother",1,4,"no","no","no","yes","yes","yes","no",3,3,3,1,1,3,0,"no",0,10,10,10,1,FALSE,FALSE
"73",73,73,"GP","F",15,"R","GT3","T",1,1,"other","other","reputation","mother",1,2,"yes","yes","no","no","yes","yes","yes",3,3,4,2,4,5,1,"no",2,10,8,8,3,TRUE,FALSE
"74",74,74,"GP","M",16,"U","GT3","T",3,1,"other","other","reputation","mother",1,1,"no","no","yes","yes","yes","no","no",5,3,2,2,2,5,0,"no",1,12,12,14,2,FALSE,FALSE
"75",75,75,"GP","F",16,"U","GT3","T",3,3,"other","services","home","mother",1,2,"yes","yes","yes","yes","yes","yes","no",4,3,3,2,4,5,0,"yes",29,11,12,11,3,TRUE,FALSE
"76",76,76,"GP","M",15,"U","GT3","T",4,3,"teacher","other","home","mother",1,2,"no","yes","yes","yes","yes","yes","no",4,3,3,2,3,5,0,"yes",3,10,10,10,2.5,TRUE,FALSE
"77",77,77,"GP","M",15,"U","GT3","T",4,0,"teacher","other","course","mother",2,4,"no","no","yes","yes","yes","yes","no",3,4,3,1,1,1,0,"no",4,12,11,10,1,FALSE,FALSE
"78",78,78,"GP","F",16,"U","GT3","T",2,2,"other","other","reputation","mother",1,4,"no","no","no","yes","yes","yes","yes",5,2,3,1,3,3,0,"yes",0,12,12,12,2,FALSE,FALSE
"79",79,79,"GP","M",17,"U","GT3","T",2,1,"other","other","home","mother",2,1,"yes","yes","yes","yes","no","yes","no",4,5,1,1,1,3,3,"no",1,8,8,10,1,FALSE,FALSE
"80",80,80,"GP","F",16,"U","GT3","T",3,4,"at_home","other","course","mother",1,2,"no","yes","no","yes","yes","yes","no",2,4,3,1,2,3,0,"no",13,8,8,8,1.5,FALSE,FALSE
"81",81,81,"GP","M",15,"U","GT3","T",2,3,"other","services","course","father",1,1,"yes","yes","yes","no","yes","yes","yes",3,2,2,1,3,3,0,"yes",1,10,12,12,2,FALSE,FALSE
"82",82,82,"GP","M",15,"U","GT3","T",2,3,"other","other","home","mother",1,3,"yes","no","no","no","yes","yes","no",5,3,2,1,2,5,0,"yes",3,10,10,10,1.5,FALSE,FALSE
"83",83,83,"GP","F",15,"U","LE3","T",3,2,"services","other","reputation","mother",1,2,"no","yes","no","yes","yes","yes","no",4,4,4,1,1,5,0,"yes",7,10,8,8,1,FALSE,FALSE
"84",84,84,"GP","M",15,"U","LE3","T",2,2,"services","services","home","mother",2,2,"no","no","yes","yes","yes","yes","no",5,3,3,1,3,4,0,"yes",3,14,14,14,2,FALSE,FALSE
"85",85,85,"GP","F",15,"U","GT3","T",1,1,"other","other","home","father",1,2,"no","yes","yes","no","yes","yes","no",4,3,2,2,3,4,0,"no",2,11,11,11,2.5,TRUE,FALSE
"86",86,86,"GP","F",15,"U","GT3","T",4,4,"services","services","reputation","father",2,2,"no","no","no","yes","yes","yes","yes",4,4,4,2,3,5,1,"yes",5,10,10,10,2.5,TRUE,FALSE
"87",87,87,"GP","F",16,"U","LE3","T",2,2,"at_home","other","course","mother",1,2,"no","yes","no","yes","yes","no","no",4,3,4,1,2,2,0,"no",5,10,9,8,1.5,FALSE,FALSE
"88",88,88,"GP","F",15,"U","GT3","T",4,2,"other","other","reputation","mother",1,3,"no","yes","yes","yes","yes","yes","no",5,3,3,1,3,1,0,"no",4,14,14,14,2,FALSE,FALSE
"89",89,89,"GP","M",16,"U","GT3","T",2,2,"services","other","reputation","father",2,2,"no","no","yes","no","yes","yes","no",4,4,2,1,1,3,0,"yes",9,12,10,10,1,FALSE,FALSE
"90",90,90,"GP","M",16,"U","LE3","A",4,4,"teacher","health","reputation","mother",1,2,"no","yes","no","yes","yes","no","no",4,1,3,3,5,5,0,"no",12,8,8,8,4,TRUE,FALSE
"91",91,91,"GP","F",16,"U","GT3","T",3,3,"other","other","home","mother",1,3,"no","yes","no","yes","yes","yes","yes",4,3,3,1,3,4,0,"yes",1,8,9,10,2,FALSE,FALSE
"92",92,92,"GP","F",15,"U","GT3","T",4,3,"services","other","reputation","mother",1,1,"no","no","yes","yes","yes","yes","no",4,5,5,1,3,1,0,"yes",5,15,15,16,2,FALSE,FALSE
"93",93,93,"GP","F",16,"U","LE3","T",3,1,"other","other","home","father",1,2,"yes","yes","no","yes","yes","no","no",3,3,3,2,3,2,0,"no",2,10,10,9,2.5,TRUE,FALSE
"94",94,94,"GP","F",16,"U","GT3","T",4,2,"teacher","services","home","mother",2,2,"no","yes","yes","yes","yes","yes","no",5,3,3,1,1,1,0,"yes",1,12,12,12,1,FALSE,FALSE
"95",95,95,"GP","M",15,"U","LE3","T",2,2,"services","health","reputation","mother",1,4,"no","yes","yes","yes","yes","yes","no",4,3,4,1,1,4,0,"no",4,11,12,13,1,FALSE,FALSE
"96",96,96,"GP","F",15,"R","GT3","T",1,1,"at_home","other","home","mother",2,4,"yes","yes","yes","yes","yes","yes","no",3,1,2,1,1,1,0,"yes",3,10,12,12,1,FALSE,FALSE
"97",97,97,"GP","M",16,"R","GT3","T",4,3,"services","other","reputation","mother",2,1,"yes","yes","yes","no","yes","yes","no",3,3,3,1,1,4,0,"no",4,10,13,13,1,FALSE,FALSE
"98",98,98,"GP","F",16,"U","GT3","T",2,1,"other","other","course","mother",1,2,"no","yes","no","yes","yes","no","yes",4,3,5,1,1,5,0,"yes",1,10,10,11,1,FALSE,FALSE
"99",99,99,"GP","F",16,"U","GT3","T",4,4,"other","other","reputation","mother",1,1,"no","no","yes","no","yes","yes","no",5,3,4,1,2,1,0,"no",5,12,14,14,1.5,FALSE,FALSE
"100",100,100,"GP","F",16,"U","GT3","T",4,3,"other","at_home","course","mother",1,3,"yes","yes","no","yes","yes","yes","no",5,3,5,1,1,3,0,"yes",1,10,11,10,1,FALSE,FALSE
"101",101,101,"GP","M",16,"U","GT3","T",4,4,"services","services","other","mother",1,1,"yes","yes","yes","yes","yes","yes","no",4,5,5,5,5,4,0,"yes",13,8,8,6,5,TRUE,FALSE
"102",102,102,"GP","M",16,"U","GT3","T",4,4,"services","teacher","other","father",1,3,"no","yes","yes","yes","yes","yes","yes",4,4,3,1,1,4,0,"no",0,16,16,16,1,FALSE,FALSE
"103",103,103,"GP","M",15,"U","GT3","T",4,4,"services","other","course","mother",1,1,"no","yes","yes","no","yes","yes","no",5,3,3,1,1,5,0,"no",3,11,13,13,1,FALSE,FALSE
"104",104,104,"GP","F",15,"U","GT3","T",3,2,"services","other","home","mother",2,2,"yes","yes","no","yes","yes","yes","no",4,3,5,1,1,2,0,"yes",21,9,8,8,1,FALSE,FALSE
"105",105,105,"GP","M",15,"U","GT3","A",3,4,"services","other","course","mother",1,2,"no","yes","yes","yes","yes","yes","no",5,4,4,1,1,1,0,"yes",0,16,17,17,1,FALSE,FALSE
"106",106,106,"GP","F",15,"U","GT3","A",3,3,"other","health","reputation","father",1,4,"yes","no","no","yes","yes","no","no",4,3,3,1,1,4,0,"no",10,10,10,10,1,FALSE,FALSE
"107",107,107,"GP","F",15,"U","GT3","T",2,2,"other","other","course","mother",1,4,"yes","yes","no","yes","yes","yes","no",5,1,2,1,1,3,0,"yes",6,8,9,9,1,FALSE,FALSE
"108",108,108,"GP","M",16,"U","GT3","T",3,3,"services","other","home","father",1,3,"no","yes","yes","yes","yes","yes","no",5,3,3,1,1,5,0,"no",3,14,16,16,1,FALSE,FALSE
"109",109,109,"GP","M",15,"R","GT3","T",4,4,"other","other","home","father",4,4,"no","yes","yes","yes","yes","yes","yes",1,3,5,3,5,1,0,"yes",7,11,12,12,4,TRUE,FALSE
"110",110,110,"GP","F",16,"U","LE3","T",4,4,"health","health","other","mother",1,3,"no","yes","yes","yes","yes","yes","yes",5,4,5,1,1,4,0,"yes",3,14,15,15,1,FALSE,FALSE
"111",111,111,"GP","M",15,"U","LE3","A",4,4,"teacher","teacher","course","mother",1,1,"no","no","yes","yes","yes","yes","no",5,5,3,1,1,4,0,"no",5,16,16,16,1,FALSE,FALSE
"112",112,112,"GP","F",16,"R","GT3","T",3,3,"services","other","reputation","father",1,3,"yes","yes","yes","yes","yes","yes","no",4,1,2,1,1,2,0,"no",2,9,10,10,1,FALSE,FALSE
"113",113,113,"GP","F",16,"U","GT3","T",2,2,"at_home","other","home","mother",1,2,"yes","no","yes","yes","yes","yes","no",3,1,2,1,1,5,1,"no",9,9,12,12,1,FALSE,FALSE
"114",114,114,"GP","M",15,"U","LE3","T",4,2,"teacher","other","course","mother",1,1,"no","no","no","yes","yes","yes","no",3,5,2,1,1,3,0,"no",10,18,18,18,1,FALSE,FALSE
"115",115,115,"GP","M",15,"R","GT3","T",2,1,"health","services","reputation","mother",1,2,"no","no","yes","yes","yes","yes","yes",5,4,2,1,1,5,0,"no",6,10,9,10,1,FALSE,FALSE
"116",116,116,"GP","M",16,"U","GT3","T",4,4,"teacher","teacher","course","father",1,2,"no","yes","yes","yes","yes","yes","no",5,4,4,1,2,5,0,"no",4,16,14,15,1.5,FALSE,FALSE
"117",117,117,"GP","M",15,"U","GT3","T",4,4,"other","teacher","reputation","father",2,2,"no","yes","yes","yes","yes","no","no",4,4,3,1,1,2,0,"no",3,14,14,15,1,FALSE,FALSE
"118",118,118,"GP","M",16,"U","GT3","T",3,3,"other","services","home","father",2,1,"no","no","yes","yes","yes","yes","no",5,4,2,1,1,5,0,"no",3,14,14,14,1,FALSE,FALSE
"119",119,119,"GP","M",17,"R","GT3","T",1,3,"other","other","course","father",3,2,"no","yes","yes","yes","yes","yes","no",5,2,4,1,4,5,1,"no",17,10,9,10,2.5,TRUE,FALSE
"120",120,120,"GP","M",15,"U","GT3","T",3,4,"other","other","reputation","father",1,1,"no","no","no","yes","yes","yes","no",3,4,3,1,2,4,0,"no",4,14,13,14,1.5,FALSE,FALSE
"121",121,121,"GP","F",15,"U","GT3","T",1,2,"at_home","services","course","mother",1,2,"no","no","no","no","yes","yes","no",3,2,3,1,2,1,0,"no",1,15,14,14,1.5,FALSE,FALSE
"122",122,122,"GP","M",15,"U","GT3","T",2,2,"services","services","home","father",1,4,"no","yes","yes","yes","yes","yes","no",5,5,4,1,2,5,0,"yes",6,15,14,14,1.5,FALSE,FALSE
"123",123,123,"GP","F",16,"U","LE3","T",2,4,"other","health","course","father",2,2,"no","yes","yes","yes","yes","yes","yes",4,2,2,1,2,5,0,"yes",2,14,12,13,1.5,FALSE,FALSE
"124",124,124,"GP","M",16,"U","GT3","T",4,4,"health","other","course","mother",1,1,"no","yes","yes","yes","yes","yes","no",3,4,4,1,4,5,0,"no",11,13,12,13,2.5,TRUE,FALSE
"125",125,125,"GP","F",16,"U","GT3","T",2,2,"other","other","home","mother",1,2,"no","no","no","yes","yes","yes","yes",5,4,4,1,1,5,0,"yes",0,10,9,10,1,FALSE,FALSE
"126",126,126,"GP","M",15,"U","GT3","T",3,4,"services","services","home","father",1,1,"yes","no","no","yes","yes","yes","no",5,5,5,3,2,5,0,"no",1,11,11,10,2.5,TRUE,FALSE
"127",127,127,"GP","F",15,"U","LE3","A",3,4,"other","other","home","mother",1,2,"yes","no","yes","yes","yes","yes","yes",5,3,2,1,1,1,0,"no",0,8,10,11,1,FALSE,FALSE
"128",128,128,"GP","F",19,"U","GT3","T",0,1,"at_home","other","course","other",1,2,"no","yes","no","no","no","no","no",3,4,2,1,1,5,2,"no",1,8,9,10,1,FALSE,FALSE
"129",129,129,"GP","M",16,"R","GT3","T",4,4,"teacher","teacher","course","mother",1,1,"no","no","yes","yes","yes","yes","no",3,5,5,2,5,4,0,"yes",8,16,16,16,3.5,TRUE,FALSE
"130",130,130,"GP","F",15,"R","GT3","T",3,4,"services","teacher","course","father",2,3,"no","yes","no","yes","yes","yes","yes",4,2,2,2,2,5,1,"no",0,11,6,6,2,FALSE,FALSE
"131",131,131,"GP","F",15,"U","GT3","T",1,1,"at_home","other","course","mother",3,1,"no","yes","yes","no","yes","yes","yes",4,3,3,1,2,4,0,"no",3,10,6,6,1.5,FALSE,FALSE
"132",132,132,"GP","F",17,"U","LE3","T",2,2,"other","other","course","father",1,1,"no","yes","no","yes","yes","yes","yes",3,4,4,1,3,5,0,"no",7,12,12,12,2,FALSE,FALSE
"133",133,133,"GP","F",16,"U","GT3","A",3,4,"services","other","course","father",1,1,"no","no","no","yes","yes","yes","no",3,2,1,1,4,5,0,"no",14,14,12,12,2.5,TRUE,FALSE
"134",134,134,"GP","M",15,"R","GT3","T",3,4,"at_home","teacher","course","mother",4,2,"no","yes","no","yes","yes","no","yes",5,3,3,1,1,5,0,"no",1,10,6,6,1,FALSE,FALSE
"135",135,135,"GP","F",15,"U","GT3","T",4,4,"services","at_home","course","mother",1,3,"no","yes","yes","yes","yes","yes","yes",4,3,3,1,1,5,0,"no",2,12,7,8,1,FALSE,FALSE
"136",136,136,"GP","M",17,"R","GT3","T",3,4,"at_home","other","course","mother",3,2,"no","no","no","yes","yes","no","no",5,4,5,2,4,5,0,"no",1,10,4,5,3,TRUE,FALSE
"137",137,137,"GP","F",16,"U","GT3","A",3,3,"other","other","course","other",2,1,"no","yes","yes","no","yes","yes","yes",4,3,2,1,1,5,1,"no",2,6,4,5,1,FALSE,FALSE
"138",138,138,"GP","M",16,"U","LE3","T",1,1,"services","other","course","mother",1,2,"no","no","no","yes","yes","no","yes",4,4,4,1,3,5,2,"no",0,12,11,11,2,FALSE,FALSE
"139",139,139,"GP","F",15,"U","GT3","T",4,4,"teacher","teacher","course","mother",2,1,"no","no","yes","yes","yes","yes","no",4,3,2,1,1,5,0,"no",3,14,15,14,1,FALSE,FALSE
"140",140,140,"GP","M",15,"U","GT3","T",4,3,"teacher","services","course","father",2,4,"yes","yes","no","yes","yes","yes","no",2,2,2,1,1,3,0,"no",3,8,10,6,1,FALSE,FALSE
"141",141,141,"GP","M",16,"U","LE3","T",2,2,"services","services","reputation","father",2,1,"no","yes","yes","yes","yes","yes","no",2,3,3,2,2,2,1,"no",6,10,10,10,2,FALSE,FALSE
"142",142,142,"GP","F",15,"U","GT3","T",4,4,"teacher","services","course","mother",1,3,"no","yes","yes","yes","yes","yes","no",4,2,2,1,1,5,0,"yes",2,11,12,12,1,FALSE,FALSE
"143",143,143,"GP","F",16,"U","LE3","T",1,1,"at_home","at_home","course","mother",1,1,"no","no","no","yes","yes","yes","no",3,4,4,3,3,1,0,"no",3,12,12,12,3,TRUE,FALSE
"144",144,144,"GP","M",17,"U","GT3","T",2,1,"other","other","home","mother",1,1,"no","yes","no","yes","yes","yes","no",5,4,5,1,2,5,2,"no",11,7,4,3,1.5,FALSE,FALSE
"145",145,145,"GP","F",15,"U","GT3","T",1,1,"other","services","course","father",1,2,"no","yes","no","yes","yes","yes","no",4,4,2,1,2,5,0,"yes",0,10,12,12,1.5,FALSE,FALSE
"146",146,146,"GP","F",15,"U","GT3","T",3,2,"health","services","home","father",1,2,"no","yes","no","yes","yes","yes","no",3,3,2,1,1,3,2,"no",1,8,9,6,1,FALSE,FALSE
"147",147,147,"GP","F",15,"U","GT3","T",1,2,"at_home","other","course","mother",1,2,"no","yes","no","no","yes","yes","no",4,3,2,1,1,5,0,"yes",4,12,12,12,1,FALSE,FALSE
"148",148,148,"GP","M",16,"U","GT3","T",4,4,"teacher","teacher","course","mother",1,1,"no","yes","no","yes","no","yes","yes",3,3,2,2,1,5,0,"no",8,8,8,4,1.5,FALSE,FALSE
"149",149,149,"GP","M",15,"U","LE3","A",2,1,"services","other","course","mother",4,1,"no","no","no","yes","yes","yes","no",4,5,5,2,5,5,2,"no",0,10,10,10,3.5,TRUE,FALSE
"150",150,150,"GP","M",18,"U","LE3","T",1,1,"other","other","course","mother",1,1,"no","no","no","yes","no","yes","yes",2,3,5,2,5,4,2,"no",0,8,7,0,3.5,TRUE,FALSE
"151",151,151,"GP","M",16,"U","LE3","T",2,1,"at_home","other","course","mother",1,1,"no","no","yes","yes","yes","no","yes",4,4,4,3,5,5,1,"no",6,10,12,12,4,TRUE,FALSE
"152",152,152,"GP","F",15,"R","GT3","T",3,3,"services","services","reputation","other",2,3,"no","yes","yes","yes","yes","yes","yes",4,2,1,2,3,3,1,"yes",5,12,12,12,2.5,TRUE,FALSE
"153",153,153,"GP","M",19,"U","GT3","T",3,2,"services","at_home","home","mother",1,1,"no","yes","no","yes","no","yes","yes",4,5,4,1,1,4,2,"no",3,8,4,6,1,FALSE,FALSE
"154",154,154,"GP","F",17,"U","GT3","T",4,4,"other","teacher","course","mother",1,1,"yes","yes","no","yes","yes","no","yes",4,2,1,1,1,4,0,"no",0,12,12,12,1,FALSE,FALSE
"155",155,155,"GP","M",15,"R","GT3","T",2,3,"at_home","services","course","mother",1,2,"yes","no","yes","yes","yes","no","no",4,4,4,1,1,1,0,"yes",1,9,8,8,1,FALSE,FALSE
"156",156,156,"GP","M",17,"R","LE3","T",1,2,"other","other","reputation","mother",1,1,"no","no","no","yes","yes","no","no",2,2,2,3,3,5,2,"no",11,12,10,12,3,TRUE,FALSE
"157",157,157,"GP","F",18,"R","GT3","T",1,1,"at_home","other","course","mother",3,1,"no","yes","yes","no","yes","no","no",5,2,5,1,5,4,3,"no",6,10,9,10,3,TRUE,FALSE
"158",158,158,"GP","M",16,"R","GT3","T",2,2,"at_home","other","course","mother",3,1,"no","no","no","no","yes","no","no",4,2,2,1,2,3,0,"no",3,14,12,13,1.5,FALSE,FALSE
"159",159,159,"GP","M",16,"U","GT3","T",3,3,"other","services","course","father",1,2,"no","yes","no","yes","yes","yes","yes",4,5,5,4,4,5,1,"yes",2,10,11,6,4,TRUE,FALSE
"160",160,160,"GP","M",17,"R","LE3","T",2,1,"at_home","other","course","mother",2,1,"no","no","yes","yes","no","yes","yes",3,3,2,2,2,5,2,"no",4,8,7,4,2,FALSE,FALSE
"161",161,161,"GP","M",17,"R","LE3","T",1,1,"other","services","course","mother",4,2,"no","no","yes","yes","no","no","yes",5,3,5,1,5,5,2,"no",0,6,8,8,3,TRUE,FALSE
"162",162,162,"GP","M",16,"U","GT3","T",2,2,"other","other","course","father",1,2,"no","no","no","yes","no","yes","no",4,3,5,2,4,4,0,"no",2,10,10,10,3,TRUE,FALSE
"163",163,163,"GP","F",16,"U","GT3","T",4,2,"health","services","home","father",1,2,"no","no","no","yes","yes","yes","yes",4,2,3,1,1,3,0,"yes",0,16,16,17,1,FALSE,FALSE
"164",164,164,"GP","F",16,"U","GT3","T",2,2,"other","other","home","mother",1,2,"no","yes","no","no","yes","yes","no",5,1,5,1,1,4,0,"yes",0,9,10,6,1,FALSE,FALSE
"165",165,165,"GP","F",16,"U","GT3","T",4,4,"health","health","reputation","mother",1,2,"no","yes","no","yes","yes","yes","yes",4,4,2,1,1,3,0,"yes",0,15,15,16,1,FALSE,FALSE
"166",166,166,"GP","M",16,"U","GT3","T",3,4,"other","other","course","father",3,1,"no","yes","yes","no","yes","yes","no",3,4,5,2,4,2,2,"no",2,8,7,5,3,TRUE,FALSE
"167",167,167,"GP","M",16,"U","GT3","T",1,0,"other","other","reputation","mother",2,2,"no","yes","yes","yes","yes","yes","yes",4,3,2,1,1,3,0,"yes",1,14,16,17,1,FALSE,FALSE
"168",168,168,"GP","M",17,"U","LE3","T",4,4,"teacher","other","reputation","mother",1,2,"no","yes","yes","yes","yes","yes","no",4,4,4,1,3,5,0,"yes",0,12,10,10,2,FALSE,FALSE
"169",169,169,"GP","F",16,"U","GT3","T",1,3,"at_home","services","home","mother",1,2,"no","no","yes","no","yes","yes","yes",4,3,5,1,1,3,2,"no",0,11,10,6,1,FALSE,FALSE
"170",170,170,"GP","F",16,"U","LE3","T",3,3,"other","other","reputation","mother",2,2,"no","yes","yes","yes","yes","yes","no",4,4,5,1,1,4,0,"yes",2,12,12,12,1,FALSE,FALSE
"171",171,171,"GP","M",17,"U","LE3","T",4,3,"teacher","other","course","mother",2,2,"no","no","yes","yes","yes","yes","no",4,4,4,4,4,4,0,"yes",2,10,10,10,4,TRUE,FALSE
"172",172,172,"GP","F",16,"U","GT3","T",2,2,"services","other","reputation","mother",2,2,"no","no","yes","no","yes","yes","no",3,4,4,1,4,5,0,"yes",1,13,12,12,2.5,TRUE,FALSE
"173",173,173,"GP","M",17,"U","GT3","T",3,3,"other","other","reputation","father",1,2,"no","no","yes","no","yes","yes","no",4,3,4,1,4,4,0,"no",4,8,7,8,2.5,TRUE,FALSE
"174",174,174,"GP","M",16,"R","GT3","T",4,2,"teacher","services","other","mother",1,1,"no","yes","yes","yes","yes","yes","yes",4,3,3,3,4,3,0,"no",9,10,8,10,3.5,TRUE,FALSE
"175",175,175,"GP","M",17,"U","GT3","T",4,3,"other","other","course","mother",1,2,"no","yes","yes","yes","yes","yes","yes",5,2,3,1,1,2,0,"no",4,10,10,12,1,FALSE,FALSE
"176",176,176,"GP","M",16,"U","GT3","T",4,3,"teacher","other","home","mother",1,2,"no","yes","yes","yes","yes","yes","no",3,4,3,2,3,3,0,"yes",7,10,9,10,2.5,TRUE,FALSE
"177",177,177,"GP","M",16,"U","GT3","T",3,3,"services","other","home","mother",1,2,"no","no","yes","yes","yes","yes","yes",4,2,3,1,2,3,0,"yes",1,12,12,12,1.5,FALSE,FALSE
"178",178,178,"GP","F",17,"U","GT3","T",2,4,"services","services","reputation","father",1,2,"no","yes","yes","yes","yes","no","no",5,4,2,2,3,5,0,"no",0,16,18,17,2.5,TRUE,FALSE
"179",179,179,"GP","F",17,"U","LE3","T",3,3,"other","other","reputation","mother",1,2,"no","yes","yes","yes","yes","yes","yes",5,3,3,2,3,1,0,"no",44,12,11,11,2.5,TRUE,FALSE
"180",180,180,"GP","F",16,"U","GT3","T",3,2,"other","other","reputation","mother",1,2,"no","yes","no","yes","yes","yes","no",1,2,2,1,2,1,0,"yes",11,13,14,14,1.5,FALSE,FALSE
"181",181,181,"GP","M",17,"U","GT3","T",3,3,"services","services","other","mother",1,2,"no","yes","yes","yes","yes","yes","yes",4,3,4,2,3,4,0,"no",9,12,12,12,2.5,TRUE,FALSE
"182",182,182,"GP","M",16,"U","GT3","T",1,2,"services","services","other","mother",1,1,"no","yes","yes","yes","yes","yes","yes",3,3,3,1,2,3,0,"yes",1,10,10,11,1.5,FALSE,FALSE
"183",183,183,"GP","M",16,"U","LE3","T",2,1,"other","other","course","mother",1,2,"no","no","yes","yes","yes","yes","yes",4,2,3,1,2,5,0,"yes",0,14,14,16,1.5,FALSE,FALSE
"184",184,184,"GP","F",17,"U","GT3","A",3,3,"health","other","reputation","mother",1,2,"no","yes","no","no","yes","yes","yes",3,3,3,1,3,3,0,"no",8,10,10,12,2,FALSE,FALSE
"185",185,185,"GP","M",17,"R","GT3","T",1,2,"at_home","other","home","mother",1,2,"no","no","no","yes","yes","no","no",3,1,3,1,5,3,0,"no",5,8,9,10,3,TRUE,FALSE
"186",186,186,"GP","F",16,"U","GT3","T",2,3,"services","services","course","mother",1,2,"no","no","no","yes","yes","yes","no",4,3,3,1,1,2,0,"no",8,12,12,13,1,FALSE,FALSE
"187",187,187,"GP","F",17,"U","GT3","T",1,1,"at_home","services","course","mother",1,2,"no","no","yes","yes","yes","yes","no",5,3,3,1,1,3,0,"no",0,10,10,10,1,FALSE,FALSE
"188",188,188,"GP","M",17,"U","GT3","T",1,2,"at_home","services","other","other",2,2,"no","no","yes","no","yes","yes","no",4,4,4,4,5,5,0,"yes",14,8,10,10,4.5,TRUE,FALSE
"189",189,189,"GP","M",16,"R","GT3","T",3,3,"services","services","reputation","mother",1,1,"no","yes","yes","yes","yes","yes","no",4,3,2,3,4,5,0,"no",4,10,10,10,3.5,TRUE,FALSE
"190",190,190,"GP","M",16,"U","GT3","T",2,3,"other","other","home","father",2,1,"no","no","no","yes","yes","yes","no",5,3,3,1,1,3,0,"no",0,13,13,13,1,FALSE,FALSE
"191",191,191,"GP","F",17,"U","LE3","T",2,4,"services","services","course","father",1,2,"no","no","yes","yes","yes","yes","yes",4,3,2,1,1,5,0,"no",4,14,15,16,1,FALSE,FALSE
"192",192,192,"GP","M",17,"U","GT3","T",4,4,"services","teacher","home","mother",1,1,"no","no","no","yes","yes","yes","no",5,2,3,1,2,5,0,"no",4,15,14,15,1.5,FALSE,FALSE
"193",193,193,"GP","M",16,"R","LE3","T",3,3,"teacher","other","home","father",3,1,"no","yes","yes","yes","yes","yes","no",3,3,4,3,5,3,0,"yes",12,10,10,11,4,TRUE,FALSE
"194",194,194,"GP","F",17,"U","GT3","T",4,4,"services","teacher","home","mother",2,1,"no","yes","no","yes","yes","yes","no",4,2,4,2,3,2,1,"no",27,16,16,17,2.5,TRUE,FALSE
"195",195,195,"GP","F",16,"U","LE3","T",4,4,"teacher","teacher","reputation","mother",1,2,"no","yes","no","yes","yes","yes","no",4,5,2,1,2,3,0,"yes",0,10,10,10,1.5,FALSE,FALSE
"196",196,196,"GP","F",16,"U","GT3","T",4,3,"health","other","home","mother",1,2,"no","yes","yes","yes","yes","yes","no",4,3,5,1,5,2,0,"no",2,15,15,16,3,TRUE,FALSE
"197",197,197,"GP","F",16,"U","GT3","T",2,3,"other","other","reputation","mother",1,2,"yes","yes","yes","yes","yes","no","no",4,4,3,1,3,4,0,"yes",5,10,11,11,2,FALSE,FALSE
"198",198,198,"GP","F",17,"U","GT3","T",1,1,"other","other","course","mother",1,2,"no","yes","no","no","yes","no","no",4,4,4,1,3,1,0,"yes",2,12,12,12,2,FALSE,FALSE
"199",199,199,"GP","F",17,"R","GT3","T",2,2,"other","other","reputation","mother",1,1,"no","yes","no","yes","yes","yes","no",5,3,2,1,2,3,0,"no",20,10,10,10,1.5,FALSE,FALSE
"200",200,200,"GP","F",16,"R","GT3","T",2,2,"services","services","reputation","mother",2,4,"no","yes","yes","no","yes","yes","no",5,3,5,1,1,5,0,"yes",6,12,12,12,1,FALSE,FALSE
"201",201,201,"GP","F",17,"U","GT3","T",3,4,"at_home","services","home","mother",1,3,"no","yes","no","yes","yes","yes","yes",4,4,3,3,4,5,1,"yes",21,9,9,8,3.5,TRUE,FALSE
"202",202,202,"GP","F",16,"U","GT3","A",3,1,"services","other","course","mother",1,2,"no","yes","no","yes","yes","yes","no",2,3,3,2,2,4,2,"yes",4,9,9,10,2,FALSE,FALSE
"203",203,203,"GP","F",16,"U","GT3","T",4,3,"teacher","other","other","mother",1,2,"no","no","yes","yes","yes","yes","yes",1,3,2,1,1,1,0,"yes",7,12,14,14,1,FALSE,FALSE
"204",204,204,"GP","F",16,"U","GT3","T",1,1,"at_home","other","home","mother",2,1,"no","yes","no","yes","yes","no","no",4,3,2,1,4,5,0,"yes",4,10,11,12,2.5,TRUE,FALSE
"205",205,205,"GP","F",17,"R","GT3","T",4,3,"teacher","other","reputation","mother",2,3,"no","yes","yes","yes","yes","yes","yes",4,4,2,1,1,4,0,"yes",3,9,10,10,1,FALSE,FALSE
"206",206,206,"GP","F",19,"U","GT3","T",3,3,"other","other","reputation","other",1,4,"no","yes","yes","yes","yes","yes","no",4,3,3,1,2,3,0,"yes",7,10,10,10,1.5,FALSE,FALSE
"207",207,207,"GP","M",17,"U","LE3","T",4,4,"services","other","home","mother",1,2,"no","yes","no","yes","yes","yes","yes",5,3,5,4,5,3,0,"yes",14,12,12,12,4.5,TRUE,FALSE
"208",208,208,"GP","F",16,"U","GT3","A",2,2,"other","other","reputation","mother",1,2,"yes","yes","no","yes","yes","yes","no",3,3,4,1,1,4,0,"yes",0,12,13,14,1,FALSE,FALSE
"209",209,209,"GP","M",18,"U","GT3","T",2,2,"services","other","home","mother",1,2,"no","yes","yes","yes","yes","yes","no",4,4,4,2,4,5,0,"yes",12,9,9,10,3,TRUE,FALSE
"210",210,210,"GP","F",17,"R","LE3","T",4,4,"services","other","other","mother",1,1,"no","yes","no","yes","yes","no","no",5,2,1,1,2,3,0,"yes",9,10,10,10,1.5,FALSE,FALSE
"211",211,211,"GP","F",17,"U","LE3","T",3,2,"other","other","reputation","mother",2,2,"no","no","no","yes","yes","yes","no",4,4,4,1,3,1,0,"yes",2,14,16,15,2,FALSE,FALSE
"212",212,212,"GP","F",17,"U","GT3","T",4,3,"other","other","reputation","mother",1,2,"no","no","no","yes","yes","yes","yes",3,4,5,2,4,1,1,"yes",19,8,8,7,3,TRUE,FALSE
"213",213,213,"GP","M",18,"U","LE3","T",3,3,"services","health","home","father",1,2,"no","yes","no","yes","yes","yes","no",3,2,4,2,4,4,0,"yes",12,8,8,9,3,TRUE,FALSE
"214",214,214,"GP","F",17,"U","GT3","T",2,3,"at_home","other","home","father",2,1,"no","yes","no","yes","yes","no","no",3,3,3,1,4,3,0,"yes",4,10,10,10,2.5,TRUE,FALSE
"215",215,215,"GP","F",17,"U","GT3","T",2,2,"at_home","at_home","course","mother",1,3,"no","yes","yes","yes","yes","yes","no",4,3,3,1,1,4,0,"yes",2,10,11,12,1,FALSE,FALSE
"216",216,216,"GP","F",17,"R","GT3","T",2,1,"at_home","services","reputation","mother",2,2,"no","yes","yes","yes","yes","yes","no",4,2,5,1,2,5,0,"no",1,8,8,8,1.5,FALSE,FALSE
"217",217,217,"GP","F",17,"U","GT3","T",1,1,"at_home","other","reputation","mother",1,3,"no","yes","yes","yes","yes","no","yes",4,3,4,1,1,5,0,"no",6,9,8,6,1,FALSE,FALSE
"218",218,218,"GP","F",16,"U","GT3","T",2,3,"services","teacher","other","mother",1,2,"yes","no","no","yes","yes","yes","no",2,3,1,1,1,3,0,"no",1,14,14,16,1,FALSE,FALSE
"219",219,219,"GP","M",18,"U","GT3","T",2,2,"other","other","home","mother",2,2,"no","yes","no","yes","yes","yes","no",3,3,3,5,5,4,2,"yes",4,11,11,12,5,TRUE,FALSE
"220",220,220,"GP","F",16,"U","GT3","T",4,4,"teacher","services","home","mother",1,3,"no","yes","yes","no","yes","yes","no",5,3,2,1,1,5,0,"no",2,14,14,15,1,FALSE,FALSE
"221",221,221,"GP","F",18,"R","GT3","T",3,1,"other","other","reputation","mother",1,2,"no","no","yes","yes","yes","yes","yes",5,3,3,1,1,4,0,"no",10,8,8,8,1,FALSE,FALSE
"222",222,222,"GP","F",17,"U","GT3","T",3,2,"other","other","course","mother",1,2,"no","no","yes","no","yes","yes","no",5,3,4,1,3,3,0,"no",6,16,16,16,2,FALSE,FALSE
"223",223,223,"GP","M",17,"U","LE3","T",2,3,"services","services","reputation","father",1,2,"no","yes","no","no","yes","yes","no",5,3,3,1,3,3,0,"yes",1,11,11,12,2,FALSE,FALSE
"224",224,224,"GP","M",18,"U","LE3","T",2,1,"at_home","other","course","mother",4,2,"yes","yes","yes","yes","yes","yes","yes",4,3,2,4,5,3,0,"yes",8,10,9,10,4.5,TRUE,FALSE
"225",225,225,"GP","F",17,"U","GT3","A",2,1,"other","other","course","mother",2,3,"no","no","yes","yes","yes","yes","yes",3,2,3,1,2,3,0,"no",5,14,12,14,1.5,FALSE,FALSE
"226",226,226,"GP","F",17,"U","LE3","T",4,3,"health","other","reputation","father",1,2,"no","no","yes","yes","yes","yes","yes",3,2,3,1,2,3,0,"no",7,14,12,13,1.5,FALSE,FALSE
"227",227,227,"GP","M",17,"R","GT3","T",2,2,"other","other","course","father",2,2,"no","yes","yes","yes","yes","yes","no",4,5,2,1,1,1,0,"yes",2,12,12,12,1,FALSE,FALSE
"228",228,228,"GP","M",17,"U","GT3","T",4,4,"teacher","teacher","reputation","mother",1,2,"yes","yes","yes","yes","yes","yes","yes",4,5,5,1,3,2,0,"no",7,12,11,11,2,FALSE,FALSE
"229",229,229,"GP","M",16,"U","GT3","T",4,4,"health","other","reputation","father",1,2,"no","yes","yes","yes","yes","yes","no",4,2,4,2,4,1,0,"yes",1,14,13,14,3,TRUE,FALSE
"230",230,230,"GP","M",16,"U","LE3","T",1,1,"other","other","home","mother",2,2,"no","yes","no","yes","yes","yes","no",3,4,2,1,1,5,0,"yes",10,9,8,8,1,FALSE,FALSE
"231",231,231,"GP","M",16,"U","GT3","T",3,2,"at_home","other","reputation","mother",2,3,"no","no","yes","yes","yes","yes","yes",5,3,3,1,3,2,0,"no",5,12,10,11,2,FALSE,FALSE
"232",232,232,"GP","M",17,"U","LE3","T",2,2,"other","other","home","father",1,2,"no","no","yes","no","yes","yes","yes",4,4,2,5,5,4,0,"yes",2,15,14,14,5,TRUE,FALSE
"233",233,233,"GP","F",16,"U","GT3","T",2,1,"other","other","home","mother",1,1,"no","no","no","yes","yes","yes","yes",4,5,2,1,1,5,0,"no",12,11,11,11,1,FALSE,FALSE
"234",234,234,"GP","F",17,"R","GT3","T",2,1,"at_home","services","course","mother",3,2,"no","no","yes","yes","yes","no","no",2,1,1,1,1,3,0,"no",2,13,12,12,1,FALSE,FALSE
"235",235,235,"GP","M",18,"U","GT3","T",2,2,"other","services","reputation","father",1,2,"no","no","no","yes","no","yes","no",5,5,4,3,5,2,0,"no",8,8,7,4,4,TRUE,FALSE
"236",236,236,"GP","M",17,"U","LE3","T",4,3,"health","other","course","mother",2,2,"no","no","yes","yes","yes","yes","yes",2,5,5,1,4,5,0,"no",11,14,14,14,2.5,TRUE,FALSE
"237",237,237,"GP","M",17,"R","LE3","A",4,4,"teacher","other","course","mother",2,2,"no","yes","no","yes","yes","yes","no",3,3,3,2,3,4,0,"yes",1,11,12,12,2.5,TRUE,FALSE
"238",238,238,"GP","M",16,"U","LE3","T",4,3,"teacher","other","course","mother",1,1,"no","no","yes","no","yes","yes","no",5,4,5,1,1,3,0,"no",4,10,7,8,1,FALSE,FALSE
"239",239,239,"GP","M",16,"U","GT3","T",4,4,"services","services","course","mother",1,1,"no","no","yes","yes","yes","yes","no",5,3,2,1,2,5,0,"no",2,14,14,14,1.5,FALSE,FALSE
"240",240,240,"GP","F",18,"U","GT3","T",2,1,"other","other","course","other",2,3,"no","yes","no","no","yes","yes","yes",4,4,4,1,1,3,0,"yes",5,10,5,6,1,FALSE,FALSE
"241",241,241,"GP","M",16,"U","GT3","T",2,1,"other","other","course","mother",3,1,"no","no","no","yes","yes","yes","no",4,3,3,1,1,4,0,"no",6,16,17,17,1,FALSE,FALSE
"242",242,242,"GP","M",17,"U","GT3","T",2,3,"other","other","course","father",2,1,"no","no","no","yes","yes","yes","no",5,2,2,1,1,2,0,"no",3,10,12,13,1,FALSE,FALSE
"243",243,243,"GP","M",22,"U","GT3","T",3,1,"services","services","other","mother",1,1,"no","no","no","no","no","yes","yes",5,4,5,5,5,1,3,"no",14,6,8,6,5,TRUE,FALSE
"244",244,244,"GP","M",18,"R","LE3","T",3,3,"other","services","course","mother",1,2,"no","yes","no","yes","yes","yes","yes",4,3,3,1,3,5,0,"no",8,6,7,8,2,FALSE,FALSE
"245",245,245,"GP","M",16,"U","GT3","T",0,2,"other","other","other","mother",1,1,"no","no","no","no","yes","yes","no",4,3,2,2,4,5,0,"yes",0,12,14,13,3,TRUE,FALSE
"246",246,246,"GP","M",18,"U","GT3","T",3,2,"services","other","course","mother",2,1,"no","no","no","yes","no","yes","no",4,4,5,2,4,5,0,"no",4,6,8,8,3,TRUE,FALSE
"247",247,247,"GP","M",16,"U","GT3","T",3,3,"at_home","other","reputation","other",3,2,"yes","yes","no","no","yes","yes","no",5,3,3,1,3,2,0,"no",5,8,10,10,2,FALSE,FALSE
"248",248,248,"GP","M",18,"U","GT3","T",2,1,"services","services","other","mother",1,1,"no","no","no","no","no","yes","no",3,2,5,2,5,5,2,"no",4,6,8,7,3.5,TRUE,FALSE
"249",249,249,"GP","M",16,"R","GT3","T",2,1,"other","other","course","mother",2,1,"no","no","yes","no","yes","no","no",3,3,2,1,3,3,0,"no",1,11,11,10,2,FALSE,FALSE
"250",250,250,"GP","M",17,"R","GT3","T",2,1,"other","other","course","mother",1,1,"no","no","no","no","yes","yes","no",4,4,2,2,4,5,0,"no",0,10,12,12,3,TRUE,FALSE
"251",251,251,"GP","M",17,"U","LE3","T",1,1,"health","other","course","mother",2,1,"no","yes","yes","yes","yes","yes","no",4,4,4,1,2,5,1,"no",1,8,10,9,1.5,FALSE,FALSE
"252",252,252,"GP","F",17,"U","LE3","T",4,2,"teacher","services","reputation","mother",1,4,"no","yes","yes","yes","yes","yes","no",4,2,3,1,1,4,0,"yes",4,14,14,15,1,FALSE,FALSE
"253",253,253,"GP","M",19,"U","LE3","A",4,3,"services","at_home","reputation","mother",1,2,"no","yes","no","yes","yes","yes","no",4,3,1,1,1,1,0,"no",8,11,12,12,1,FALSE,FALSE
"254",254,254,"GP","M",18,"U","GT3","T",2,1,"other","other","home","mother",1,2,"no","no","yes","yes","yes","yes","no",5,2,4,1,2,4,0,"no",5,16,15,15,1.5,FALSE,FALSE
"255",255,255,"GP","F",17,"U","LE3","T",2,2,"services","services","course","father",1,4,"no","no","yes","yes","yes","yes","yes",3,4,1,1,1,2,0,"yes",1,10,10,6,1,FALSE,FALSE
"256",256,256,"GP","F",18,"U","GT3","T",4,3,"services","other","home","father",1,2,"no","yes","no","yes","yes","yes","yes",3,1,2,1,3,2,0,"yes",12,16,16,16,2,FALSE,FALSE
"257",257,257,"GP","M",18,"U","GT3","T",4,3,"teacher","other","course","mother",1,2,"no","yes","no","no","yes","yes","no",4,3,2,1,1,3,0,"yes",2,9,9,10,1,FALSE,FALSE
"258",258,258,"GP","M",18,"R","GT3","T",3,2,"other","other","course","mother",1,3,"no","no","yes","no","yes","no","no",5,3,2,1,1,3,0,"no",2,12,12,12,1,FALSE,FALSE
"259",259,259,"GP","F",17,"U","GT3","T",3,3,"other","other","home","mother",1,3,"no","no","yes","no","yes","no","no",3,2,3,1,1,4,0,"no",3,12,10,11,1,FALSE,FALSE
"260",260,260,"GP","F",18,"U","GT3","T",2,2,"at_home","services","home","mother",1,3,"no","yes","yes","yes","yes","yes","yes",4,3,3,1,1,3,0,"yes",0,10,11,6,1,FALSE,FALSE
"261",261,261,"GP","M",18,"R","LE3","A",3,4,"other","other","reputation","mother",2,2,"no","yes","yes","yes","yes","yes","no",4,2,5,3,4,1,0,"yes",10,16,16,16,3.5,TRUE,FALSE
"262",262,262,"GP","M",17,"U","GT3","T",3,1,"services","other","other","mother",1,2,"no","no","yes","yes","yes","yes","yes",5,4,4,3,4,5,0,"yes",1,10,10,12,3.5,TRUE,FALSE
"263",263,263,"GP","F",18,"R","GT3","T",4,4,"teacher","other","reputation","mother",2,2,"no","no","yes","yes","yes","yes","no",4,3,4,2,2,4,0,"yes",8,11,10,12,2,FALSE,FALSE
"264",264,264,"GP","M",18,"U","GT3","T",4,2,"health","other","reputation","father",1,2,"no","yes","yes","yes","yes","yes","yes",5,4,5,1,3,5,0,"yes",7,10,10,12,2,FALSE,FALSE
"265",265,265,"GP","F",18,"R","GT3","T",2,1,"other","other","reputation","mother",2,2,"no","yes","no","yes","no","yes","yes",4,3,5,1,2,3,0,"no",6,7,4,5,1.5,FALSE,FALSE
"266",266,266,"GP","F",19,"U","GT3","T",3,3,"other","services","home","other",1,2,"no","yes","yes","yes","yes","yes","no",4,3,5,3,3,5,1,"yes",16,10,10,10,3,TRUE,FALSE
"267",267,267,"GP","F",18,"U","GT3","T",2,3,"other","services","reputation","father",1,4,"no","yes","yes","yes","yes","yes","yes",4,5,5,1,3,2,0,"yes",7,16,15,15,2,FALSE,FALSE
"268",268,268,"GP","F",18,"U","LE3","T",1,1,"other","other","home","mother",2,2,"no","yes","no","no","yes","no","no",4,4,3,1,1,3,0,"yes",2,12,12,12,1,FALSE,FALSE
"269",269,269,"GP","M",17,"R","GT3","T",1,2,"at_home","at_home","home","mother",1,2,"no","yes","yes","no","yes","no","yes",3,5,2,2,2,1,0,"yes",2,16,16,16,2,FALSE,FALSE
"270",270,270,"GP","F",17,"U","GT3","T",2,4,"at_home","health","reputation","mother",2,2,"no","yes","no","yes","yes","yes","yes",4,3,3,1,1,1,0,"yes",4,12,13,13,1,FALSE,FALSE
"271",271,271,"GP","F",17,"U","LE3","T",2,2,"services","other","course","mother",2,2,"yes","yes","no","yes","yes","yes","yes",4,4,4,2,3,5,0,"yes",6,12,12,12,2.5,TRUE,FALSE
"272",272,272,"GP","F",18,"R","GT3","A",3,2,"other","services","home","mother",2,2,"no","no","no","no","no","yes","yes",4,1,1,1,1,5,0,"no",45,11,9,10,1,FALSE,FALSE
"273",273,273,"GP","M",18,"U","GT3","T",4,4,"teacher","services","home","mother",2,1,"no","no","yes","yes","yes","yes","no",3,2,4,1,4,3,0,"yes",14,10,10,10,2.5,TRUE,FALSE
"274",274,274,"GP","F",18,"U","GT3","T",4,4,"health","health","reputation","father",1,2,"yes","yes","yes","yes","yes","yes","yes",2,4,4,1,1,4,1,"no",8,12,10,10,1,FALSE,FALSE
"275",275,275,"GP","M",18,"U","LE3","T",4,3,"teacher","services","course","mother",2,1,"no","no","yes","yes","yes","yes","no",4,2,3,1,2,1,0,"yes",4,10,10,10,1.5,FALSE,FALSE
"276",276,276,"GP","M",17,"U","LE3","A",4,1,"services","other","home","mother",2,1,"no","no","yes","yes","yes","yes","yes",4,5,4,2,4,5,0,"yes",26,10,10,9,3,TRUE,FALSE
"277",277,277,"GP","M",17,"U","LE3","A",3,2,"teacher","services","home","mother",1,1,"no","no","no","yes","yes","yes","no",4,4,4,3,4,3,0,"no",18,12,11,12,3.5,TRUE,FALSE
"278",278,278,"GP","F",18,"R","LE3","T",1,1,"at_home","other","reputation","mother",2,4,"no","yes","yes","yes","yes","no","no",5,2,2,1,1,3,0,"yes",2,14,14,15,1,FALSE,FALSE
"279",279,279,"GP","F",18,"U","GT3","T",1,1,"other","other","home","mother",2,2,"yes","no","yes","yes","yes","yes","no",5,4,4,1,1,4,0,"no",2,10,11,12,1,FALSE,FALSE
"280",280,280,"GP","F",17,"U","GT3","T",2,2,"other","other","course","mother",1,2,"no","yes","no","no","yes","yes","no",5,4,5,1,2,5,0,"no",8,11,10,12,1.5,FALSE,FALSE
"281",281,281,"GP","M",17,"U","GT3","T",1,1,"other","other","reputation","father",1,2,"no","no","no","no","yes","yes","no",4,3,3,1,2,4,0,"yes",1,12,11,12,1.5,FALSE,FALSE
"282",282,282,"GP","F",18,"U","GT3","T",2,2,"at_home","at_home","other","mother",1,3,"no","yes","no","yes","yes","yes","no",4,3,3,1,2,2,0,"yes",2,18,18,18,1.5,FALSE,FALSE
"283",283,283,"GP","F",17,"U","GT3","T",1,1,"services","teacher","reputation","mother",1,3,"no","yes","no","yes","yes","yes","no",4,3,3,1,1,3,0,"yes",3,13,12,13,1,FALSE,FALSE
"284",284,284,"GP","M",18,"U","GT3","T",2,1,"services","services","reputation","mother",1,3,"no","no","yes","yes","yes","yes","no",4,2,4,1,3,2,0,"yes",3,14,14,14,2,FALSE,FALSE
"285",285,285,"GP","M",18,"U","LE3","A",4,4,"teacher","teacher","reputation","mother",1,2,"no","yes","yes","yes","yes","yes","no",5,4,3,1,1,2,0,"yes",4,16,15,16,1,FALSE,FALSE
"286",286,286,"GP","M",18,"U","GT3","T",4,2,"teacher","other","home","mother",1,2,"no","yes","yes","yes","yes","yes","yes",4,3,2,1,4,5,0,"yes",6,14,14,14,2.5,TRUE,FALSE
"287",287,287,"GP","F",17,"U","GT3","T",4,3,"health","services","reputation","mother",1,3,"no","yes","no","yes","yes","yes","no",4,2,2,1,2,3,0,"yes",0,16,16,16,1.5,FALSE,FALSE
"288",288,288,"GP","F",17,"R","LE3","T",3,1,"services","other","reputation","mother",2,4,"no","yes","no","yes","yes","no","no",3,1,2,1,1,3,0,"yes",3,18,18,18,1,FALSE,FALSE
"289",289,289,"GP","M",18,"R","LE3","T",3,2,"services","other","reputation","mother",2,3,"no","yes","yes","yes","yes","yes","no",5,4,2,1,1,4,0,"yes",4,14,14,14,1,FALSE,FALSE
"290",290,290,"GP","M",17,"U","GT3","T",3,3,"health","other","home","mother",1,1,"no","yes","no","yes","yes","yes","no",4,4,3,1,3,5,0,"yes",2,14,14,13,2,FALSE,FALSE
"291",291,291,"GP","F",19,"U","GT3","T",4,4,"health","other","reputation","other",2,2,"no","yes","yes","yes","yes","yes","no",2,3,4,2,3,2,0,"yes",1,12,11,6,2.5,TRUE,FALSE
"292",292,292,"GP","F",18,"U","LE3","T",4,3,"other","other","home","other",2,2,"no","yes","no","yes","yes","yes","yes",4,4,5,1,2,2,0,"yes",5,12,11,11,1.5,FALSE,FALSE
"293",293,293,"GP","F",18,"U","GT3","T",4,3,"other","other","reputation","father",1,4,"no","yes","no","yes","yes","yes","no",4,3,3,1,1,3,0,"yes",0,15,15,16,1,FALSE,FALSE
"294",294,294,"GP","M",18,"U","LE3","T",4,4,"teacher","teacher","home","mother",1,1,"no","yes","no","yes","yes","yes","yes",1,4,2,2,2,1,0,"yes",2,17,16,16,2,FALSE,FALSE
"295",295,295,"GP","F",18,"U","LE3","A",4,4,"health","other","home","mother",1,2,"no","yes","no","yes","yes","yes","yes",4,2,4,1,1,4,0,"no",7,13,12,13,1,FALSE,FALSE
"296",296,296,"GP","M",17,"U","LE3","T",4,4,"other","teacher","home","father",2,1,"no","no","no","yes","yes","yes","no",4,1,1,2,2,5,0,"yes",0,12,12,12,2,FALSE,FALSE
"297",297,297,"GP","F",17,"U","GT3","T",4,2,"other","other","reputation","mother",2,3,"no","yes","no","yes","yes","yes","no",4,3,3,1,1,3,0,"yes",0,16,14,15,1,FALSE,FALSE
"298",298,298,"GP","F",17,"U","GT3","T",3,2,"health","health","reputation","father",1,4,"no","yes","yes","no","yes","yes","no",5,2,2,1,2,5,0,"yes",0,18,18,18,1.5,FALSE,FALSE
"299",299,299,"GP","M",20,"U","GT3","A",3,2,"services","other","course","other",1,1,"no","no","yes","yes","yes","no","no",5,5,3,1,1,5,1,"no",0,16,16,16,1,FALSE,FALSE
"300",300,300,"GP","M",19,"R","GT3","T",3,3,"other","services","reputation","father",1,2,"no","no","yes","yes","yes","no","yes",4,5,3,1,2,5,0,"no",0,12,11,12,1.5,FALSE,FALSE
"301",301,301,"GP","F",18,"U","GT3","T",2,1,"services","other","course","mother",2,2,"no","yes","yes","yes","yes","yes","no",5,3,3,1,2,1,0,"yes",1,10,10,8,1.5,FALSE,FALSE
"302",302,302,"GP","F",18,"U","GT3","T",4,3,"other","other","course","mother",1,3,"no","yes","yes","yes","yes","yes","yes",4,3,4,1,1,5,0,"yes",6,12,12,13,1,FALSE,FALSE
"303",303,303,"GP","F",17,"R","GT3","T",3,4,"at_home","services","course","father",1,3,"no","yes","yes","no","yes","yes","no",4,3,4,2,5,5,0,"yes",1,13,13,14,3.5,TRUE,FALSE
"304",304,304,"GP","F",18,"U","GT3","T",4,4,"teacher","other","course","mother",1,2,"no","yes","no","yes","yes","yes","no",4,4,4,3,3,5,0,"yes",1,12,11,12,3,TRUE,FALSE
"305",305,305,"GP","F",17,"U","GT3","A",4,3,"services","services","course","mother",1,2,"no","yes","no","yes","yes","yes","yes",5,2,2,1,2,5,0,"yes",18,14,14,15,1.5,FALSE,FALSE
"306",306,306,"GP","F",17,"U","GT3","T",2,2,"other","other","course","mother",1,2,"no","yes","no","yes","yes","no","yes",4,2,2,1,1,3,0,"no",8,12,11,11,1,FALSE,FALSE
"307",307,307,"GP","F",17,"R","LE3","T",2,2,"services","services","course","mother",1,3,"no","yes","yes","yes","yes","yes","no",3,3,2,2,2,3,0,"yes",2,11,11,10,2,FALSE,FALSE
"308",308,308,"GP","F",17,"U","GT3","T",3,1,"services","services","course","father",1,3,"no","yes","no","no","yes","yes","no",3,4,3,2,3,5,0,"no",0,14,16,16,2.5,TRUE,FALSE
"309",309,309,"GP","F",17,"U","LE3","T",0,2,"at_home","at_home","home","father",2,3,"no","no","no","yes","yes","yes","no",3,3,3,2,3,2,0,"no",0,15,14,15,2.5,TRUE,FALSE
"310",310,310,"GP","M",18,"U","GT3","T",4,4,"other","other","course","mother",1,3,"no","no","yes","yes","yes","yes","no",4,3,3,2,2,3,0,"no",2,11,13,12,2,FALSE,FALSE
"311",311,311,"GP","M",17,"U","GT3","T",3,3,"other","services","reputation","mother",1,1,"no","no","yes","no","yes","yes","no",4,3,5,3,5,5,0,"no",2,16,16,16,4,TRUE,FALSE
"312",312,312,"GP","M",17,"R","GT3","T",2,2,"services","other","course","mother",4,1,"no","yes","no","yes","yes","yes","no",4,4,5,5,5,4,0,"no",5,11,10,10,5,TRUE,FALSE
"313",313,313,"GP","F",17,"U","GT3","T",4,4,"teacher","services","course","mother",1,3,"no","yes","yes","yes","yes","yes","no",5,4,4,1,3,4,0,"yes",4,12,10,11,2,FALSE,FALSE
"314",314,314,"GP","F",17,"U","GT3","T",4,4,"teacher","teacher","course","mother",2,3,"no","yes","no","no","yes","yes","yes",4,3,3,1,2,4,0,"yes",4,14,14,14,1.5,FALSE,FALSE
"315",315,315,"GP","M",18,"U","LE3","T",2,2,"other","other","course","mother",1,4,"no","yes","yes","yes","yes","yes","no",4,5,5,2,4,5,0,"no",1,10,10,10,3,TRUE,FALSE
"316",316,316,"GP","F",17,"R","GT3","T",2,4,"at_home","other","course","father",1,3,"no","yes","no","yes","yes","yes","yes",4,4,3,1,1,5,0,"no",4,14,14,14,1,FALSE,FALSE
"317",317,317,"GP","F",18,"U","GT3","T",3,3,"services","services","home","mother",1,2,"no","no","yes","yes","yes","yes","no",5,3,4,1,1,4,0,"no",4,8,6,6,1,FALSE,FALSE
"318",318,318,"GP","F",18,"U","LE3","T",2,2,"other","other","home","other",1,2,"no","no","yes","no","yes","yes","yes",4,3,3,1,1,2,0,"no",0,9,8,6,1,FALSE,FALSE
"319",319,319,"GP","F",18,"R","GT3","T",2,2,"at_home","other","course","mother",2,4,"no","no","yes","yes","yes","no","no",4,4,4,1,1,4,0,"no",3,12,11,7,1,FALSE,FALSE
"320",320,320,"GP","F",17,"U","GT3","T",3,4,"services","other","course","mother",1,3,"no","no","no","yes","yes","yes","no",4,4,5,1,3,5,0,"no",12,14,14,14,2,FALSE,FALSE
"321",321,321,"GP","F",17,"U","GT3","T",3,2,"other","other","home","mother",1,2,"no","yes","no","yes","yes","yes","yes",4,3,2,2,3,2,0,"yes",0,10,10,8,2.5,TRUE,FALSE
"322",322,322,"GP","F",18,"U","LE3","T",3,3,"services","services","home","mother",1,4,"no","yes","no","yes","yes","yes","no",5,3,3,1,1,1,0,"no",6,15,14,16,1,FALSE,FALSE
"323",323,323,"GP","F",17,"R","GT3","A",3,2,"other","other","home","mother",1,2,"no","yes","no","yes","yes","yes","no",4,3,3,2,3,2,0,"yes",2,12,12,13,2.5,TRUE,FALSE
"324",324,324,"GP","M",18,"U","GT3","T",4,4,"teacher","services","home","father",1,2,"no","yes","yes","yes","yes","yes","no",4,3,3,2,2,2,0,"no",0,11,11,6,2,FALSE,FALSE
"325",325,325,"GP","M",18,"U","LE3","T",3,4,"services","other","home","mother",1,2,"no","no","yes","yes","yes","yes","yes",4,3,3,1,3,5,0,"no",8,16,16,16,2,FALSE,FALSE
"326",326,326,"GP","F",17,"U","GT3","A",2,2,"at_home","at_home","home","father",1,2,"no","yes","no","yes","yes","yes","yes",3,3,1,1,2,4,0,"no",9,10,10,7,1.5,FALSE,FALSE
"327",327,327,"GP","F",18,"U","GT3","T",2,3,"at_home","other","course","mother",1,3,"no","yes","no","yes","yes","yes","no",4,3,3,1,2,3,0,"no",2,11,11,12,1.5,FALSE,FALSE
"328",328,328,"GP","F",18,"U","GT3","T",3,2,"other","services","other","mother",1,3,"no","no","no","yes","yes","yes","yes",5,4,3,2,3,1,0,"no",6,14,14,16,2.5,TRUE,FALSE
"329",329,329,"GP","M",18,"R","GT3","T",4,3,"teacher","services","course","mother",1,3,"no","no","no","yes","yes","yes","yes",5,3,2,1,2,4,0,"no",6,16,14,16,1.5,FALSE,FALSE
"330",330,330,"GP","M",18,"U","GT3","T",4,3,"teacher","other","course","mother",1,3,"no","yes","no","yes","yes","yes","yes",5,4,5,2,3,5,0,"yes",0,12,12,12,2.5,TRUE,FALSE
"331",331,331,"GP","F",17,"U","GT3","T",4,3,"health","other","reputation","mother",1,3,"no","yes","yes","yes","yes","yes","yes",4,4,3,1,3,4,0,"yes",0,12,14,14,2,FALSE,FALSE
"332",332,332,"MS","M",18,"R","GT3","T",3,2,"other","other","course","mother",2,1,"no","yes","no","no","yes","yes","no",2,5,5,5,5,5,0,"no",9,10,12,12,5,TRUE,FALSE
"333",333,333,"MS","M",19,"R","GT3","T",1,1,"other","services","home","other",3,2,"no","no","no","yes","yes","yes","no",5,4,4,3,3,2,2,"no",8,9,8,10,3,TRUE,FALSE
"334",334,334,"MS","M",17,"U","GT3","T",3,3,"health","other","course","mother",2,2,"no","yes","no","yes","yes","yes","no",4,5,4,2,3,3,0,"yes",3,10,11,12,2.5,TRUE,FALSE
"335",335,335,"MS","M",18,"U","LE3","T",1,3,"at_home","services","course","mother",1,1,"no","no","no","yes","no","yes","yes",4,3,3,2,3,3,0,"no",4,8,8,8,2.5,TRUE,FALSE
"336",336,336,"MS","M",19,"R","GT3","T",1,1,"other","other","home","other",3,1,"no","yes","no","yes","yes","yes","no",4,4,4,3,3,5,1,"no",4,8,8,9,3,TRUE,FALSE
"337",337,337,"MS","M",17,"R","GT3","T",4,3,"services","other","home","mother",2,2,"no","yes","yes","no","yes","yes","yes",4,5,5,1,3,2,0,"yes",4,12,11,11,2,FALSE,FALSE
"338",338,338,"MS","F",18,"U","GT3","T",3,3,"services","services","course","father",1,2,"no","yes","no","yes","yes","no","yes",5,3,4,1,1,5,0,"no",0,10,10,10,1,FALSE,FALSE
"339",339,339,"MS","F",17,"R","GT3","T",4,4,"teacher","services","other","father",2,2,"no","yes","yes","yes","yes","yes","no",4,3,3,1,2,5,0,"yes",3,12,12,12,1.5,FALSE,FALSE
"340",340,340,"MS","F",17,"U","LE3","A",3,2,"services","other","reputation","mother",2,2,"no","no","no","yes","yes","no","yes",1,2,3,1,2,5,0,"no",1,14,13,13,1.5,FALSE,FALSE
"341",341,341,"MS","M",18,"U","LE3","T",1,1,"other","services","home","father",2,1,"no","no","no","no","yes","yes","yes",3,3,2,1,2,3,0,"no",3,12,12,12,1.5,FALSE,FALSE
"342",342,342,"MS","F",18,"U","LE3","T",1,1,"at_home","services","course","father",2,3,"no","no","no","yes","yes","yes","no",5,3,2,1,1,4,0,"no",0,18,16,17,1,FALSE,FALSE
"343",343,343,"MS","F",18,"U","GT3","T",3,3,"services","services","other","mother",2,2,"no","yes","no","yes","yes","yes","yes",4,3,2,1,3,3,0,"no",3,12,12,12,2,FALSE,FALSE
"344",344,344,"MS","F",17,"U","LE3","T",4,4,"at_home","at_home","course","mother",1,2,"no","yes","yes","yes","yes","yes","yes",2,3,4,1,1,1,0,"yes",2,16,14,15,1,FALSE,FALSE
"345",345,345,"MS","F",17,"R","GT3","T",1,2,"other","services","course","father",2,2,"no","no","no","no","yes","no","no",3,2,2,1,2,3,0,"no",0,12,12,12,1.5,FALSE,FALSE
"346",346,346,"MS","M",18,"R","GT3","T",1,3,"at_home","other","course","mother",2,2,"no","yes","no","yes","yes","no","no",3,3,4,2,4,3,0,"yes",2,9,10,10,3,TRUE,FALSE
"347",347,347,"MS","M",18,"U","LE3","T",4,4,"teacher","services","other","mother",2,3,"no","no","no","yes","yes","yes","yes",4,2,2,2,2,5,0,"yes",0,14,14,14,2,FALSE,FALSE
"348",348,348,"MS","F",17,"R","GT3","T",1,1,"other","services","reputation","mother",3,1,"no","yes","no","yes","yes","yes","yes",5,2,1,1,2,1,1,"yes",0,8,7,4,1.5,FALSE,FALSE
"349",349,349,"MS","F",18,"U","GT3","T",2,3,"at_home","services","course","father",2,1,"no","yes","no","yes","yes","yes","yes",5,2,3,1,2,4,0,"yes",0,10,10,10,1.5,FALSE,FALSE
"350",350,350,"MS","F",18,"R","GT3","T",4,4,"other","teacher","other","father",3,2,"no","yes","no","no","yes","yes","yes",3,2,2,4,2,5,0,"yes",5,10,8,6,3,TRUE,FALSE
"351",351,351,"MS","M",18,"R","LE3","T",1,2,"at_home","services","other","father",3,1,"no","yes","yes","yes","no","yes","yes",4,3,3,2,3,3,0,"yes",3,12,11,11,2.5,TRUE,FALSE
"352",352,352,"MS","F",17,"U","GT3","T",2,2,"other","at_home","home","mother",1,3,"no","no","yes","yes","yes","no","yes",3,4,3,1,1,3,0,"no",8,12,11,12,1,FALSE,FALSE
"353",353,353,"MS","F",17,"R","GT3","T",1,2,"other","other","course","mother",1,1,"no","no","yes","yes","yes","yes","no",3,5,5,1,3,1,0,"no",9,6,6,7,2,FALSE,FALSE
"354",354,354,"MS","F",18,"R","LE3","T",4,4,"other","other","reputation","mother",2,3,"no","no","no","yes","yes","yes","no",5,4,4,1,1,1,0,"no",0,17,18,18,1,FALSE,FALSE
"355",355,355,"MS","F",18,"R","GT3","T",1,1,"other","other","home","mother",4,3,"no","no","no","yes","yes","yes","no",4,3,2,1,2,4,0,"no",3,9,10,11,1.5,FALSE,FALSE
"356",356,356,"MS","F",18,"R","LE3","T",4,4,"teacher","services","course","mother",1,2,"no","no","yes","yes","yes","yes","no",5,4,3,3,4,2,0,"yes",2,10,12,12,3.5,TRUE,FALSE
"357",357,357,"MS","F",18,"U","GT3","T",3,3,"other","other","home","mother",1,2,"no","no","no","yes","yes","yes","yes",4,1,3,1,2,1,0,"yes",0,16,16,16,1.5,FALSE,FALSE
"358",358,358,"MS","F",17,"R","GT3","T",3,1,"at_home","other","reputation","mother",1,2,"no","yes","yes","no","yes","yes","no",4,5,4,2,3,1,0,"yes",14,9,10,10,2.5,TRUE,FALSE
"359",359,359,"MS","M",18,"U","GT3","T",4,4,"teacher","teacher","home","father",1,2,"no","no","yes","no","yes","yes","no",3,2,4,1,4,2,0,"yes",4,16,16,16,2.5,TRUE,FALSE
"360",360,360,"MS","M",18,"R","GT3","T",2,1,"other","other","other","mother",2,1,"no","no","yes","no","yes","yes","yes",4,4,3,1,3,5,0,"no",2,7,6,4,2,FALSE,FALSE
"361",361,361,"MS","M",17,"U","GT3","T",2,3,"other","services","home","father",2,2,"no","no","yes","yes","yes","yes","no",4,4,3,1,1,3,0,"no",3,12,13,13,1,FALSE,FALSE
"362",362,362,"MS","M",19,"R","GT3","T",1,1,"other","services","other","mother",2,1,"no","no","no","yes","yes","no","no",4,3,2,1,3,5,1,"no",0,6,6,0,2,FALSE,FALSE
"363",363,363,"MS","M",18,"R","GT3","T",4,2,"other","other","home","father",2,1,"no","no","no","yes","yes","no","no",5,4,3,4,3,3,1,"yes",7,6,6,2,3.5,TRUE,FALSE
"364",364,364,"MS","F",18,"R","GT3","T",2,2,"at_home","other","other","mother",2,3,"no","no","no","yes","yes","no","no",5,3,3,1,3,4,0,"yes",1,12,13,12,2,FALSE,FALSE
"365",365,365,"MS","F",18,"R","GT3","T",4,4,"teacher","at_home","reputation","mother",3,1,"no","yes","yes","yes","yes","yes","yes",4,4,3,2,2,5,0,"yes",6,6,7,8,2,FALSE,FALSE
"366",366,366,"MS","F",19,"R","GT3","T",2,3,"services","other","course","mother",1,3,"no","no","yes","no","yes","yes","no",5,4,2,1,2,5,1,"no",2,8,8,5,1.5,FALSE,FALSE
"367",367,367,"MS","F",18,"U","LE3","T",3,1,"teacher","services","course","mother",1,2,"no","yes","no","yes","yes","yes","no",4,3,4,1,1,1,0,"yes",2,11,12,12,1,FALSE,FALSE
"368",368,368,"MS","F",18,"U","GT3","T",1,1,"other","other","course","mother",2,2,"no","no","yes","yes","yes","no","no",1,1,1,1,1,5,0,"no",3,8,8,4,1,FALSE,FALSE
"369",369,369,"MS","M",17,"U","LE3","T",3,1,"services","services","course","mother",2,1,"no","no","no","no","yes","yes","no",2,4,5,3,4,2,0,"no",4,12,13,13,3.5,TRUE,FALSE
"370",370,370,"MS","M",18,"R","LE3","T",3,2,"services","other","course","mother",3,1,"no","no","no","no","yes","yes","no",4,4,1,3,4,5,0,"no",2,10,12,10,3.5,TRUE,FALSE
